eval_loss,eval_f1 score,eval_precision,eval_recall,eval_runtime,eval_samples_per_second,eval_steps_per_second
0.4709249436855316,0.6667399267399268,0.7004395604395605,0.6513553113553113,1.911,1190.497,149.139
