rouge-1,rouge-2,rouge-l
0.18907843137254904,0.07438596491228071,0.182281045751634
0.22095238095238098,0.08361111111111111,0.20228571428571435
0.17797854154391568,0.07216366530684179,0.16971673317684416
