rouge-1,rouge-2,rouge-l
0.11362044817927171,0.0037593984962406013,0.10017507002801121
0.07884626307890351,0.005439244663382595,0.06670364379342708
0.08016896754622574,0.004436342937853612,0.06824774744528214
