rouge-1,rouge-2,rouge-l
0.12456437867148626,0.025880303595869108,0.11625573776288485
0.13064964047474364,0.03256190120691801,0.11977025297161598
0.11395093217053485,0.02767017091200099,0.10508904124675056
