rouge-1,rouge-2,rouge-l
0.20817934000983523,0.08983367844264141,0.18936437997631872
0.171665521506593,0.07951685977421272,0.15334646542526242
0.17606135767551523,0.08133934074112928,0.15878068636964948
