rouge-1,rouge-2,rouge-l
0.11887570961014969,0.01778458607420579,0.11164364326321097
0.10180610103727242,0.017671722885228346,0.09550960952033866
0.09850458603669313,0.015780516030688342,0.09193636955621214
