rouge-1,rouge-2,rouge-l
0.18199855699855705,0.04141414141414141,0.18199855699855705
0.07192557549015349,0.014483065953654188,0.07192557549015349
0.09770755999616097,0.021240790740118476,0.09770755999616097
