rouge-1,rouge-2,rouge-l
0.3139455782312925,0.12361111111111112,0.30884353741496595
0.08792660742457903,0.031068842010488405,0.08594248044045205
0.13220343467906984,0.04843522399187771,0.12934629182192697
