rouge-1,rouge-2,rouge-l
0.006412319732399255,0.0,0.006412319732399255
0.005452996307867082,0.0,0.005452996307867082
0.0057539779678751155,0.0,0.0057539779678751155
