,precision,recall,f1-score,support
negative,0.4697368421052632,0.6891891891891891,0.5586854460093897,518.0
neutral,0.17901234567901234,0.24267782426778242,0.20603907637655416,239.0
positive,0.8797953964194374,0.688,0.7721661054994388,1500.0
accuracy,0.641116526362428,0.641116526362428,0.641116526362428,0.641116526362428
macro avg,0.5095148614012376,0.5399556711523238,0.5122968759617942,2257.0
weighted avg,0.7114757330336581,0.641116526362428,0.6632217804767472,2257.0
