,precision,recall,f1 score,balanced accuracy
negative,0.7647754642254089,0.6526362428001772,0.6846592683728421,0.6086766539402523
neutral,0.7647754642254089,0.6526362428001772,0.6846592683728421,0.6086766539402523
positive,0.7647754642254089,0.6526362428001772,0.6846592683728421,0.6086766539402523
