Accuracy,Precision,Recall,F1-Score
0.20652173913043478,0.23257212865058166,0.3301132718419032,0.193668723336992
