Accuracy,Precision,Recall,F1-Score
0.21238938053097345,0.6061946902654867,0.5,0.17518248175182483
