eval_loss,eval_precision,eval_recall,eval_f1 score,eval_balanced accuracy,eval_runtime,eval_samples_per_second,eval_steps_per_second
0.8608845472335815,0.7647754642254089,0.6526362428001772,0.6846592683728421,0.6086766539402523,1.6356,1379.933,173.027
