,Accuracy,Precision,Recall,F1-Score
0,0.4757142857142857,0.23819742489270387,0.49850299401197606,0.32236205227492737
