Accuracy,Precision,Recall,F1-Score
0.7278428093645485,0.6389006775739547,0.5920802613911647,0.598121494803709
