Accuracy,Precision,Recall,F1-Score
0.6460176991150443,0.43172043010752686,0.4405430711610487,0.4355644355644356
