Accuracy,Precision,Recall,F1-Score
0.7876106194690266,0.8938053097345133,0.5,0.44059405940594054
